filename,emotion
1.wav,Angry
2.wav,Angry
3.wav,Happy
4.wav,Fearful
5.wav,Neutral
6.wav,Happy
7.wav,Neutral
8.wav,Angry
9.wav,Sad
10.wav,Sad
11.wav,Angry
12.wav,Happy
13.wav,Neutral
14.wav,Angry
15.wav,Angry
16.wav,Angry
17.wav,Disgusted
18.wav,Disgusted
19.wav,Happy
20.wav,Angry
21.wav,Angry
22.wav,Suprised
23.wav,Disgusted
24.wav,Angry
25.wav,Fearful
26.wav,Disgusted
27.wav,Disgusted
28.wav,Disgusted
29.wav,Disgusted
30.wav,Sad
31.wav,Disgusted
32.wav,Disgusted
33.wav,Fearful
34.wav,Angry
35.wav,Sad
36.wav,Neutral
37.wav,Sad
38.wav,Sad
39.wav,Sad
40.wav,Disgusted
41.wav,Sad
42.wav,Disgusted
43.wav,Neutral
44.wav,Sad
45.wav,Angry
46.wav,Suprised
47.wav,Angry
48.wav,Happy
49.wav,Fearful
50.wav,Angry
51.wav,Disgusted
52.wav,Sad
53.wav,Fearful
54.wav,Angry
55.wav,Neutral
56.wav,Angry
57.wav,Neutral
58.wav,Disgusted
59.wav,Sad
60.wav,Angry
61.wav,Angry
62.wav,Sad
63.wav,Disgusted
64.wav,Fearful
65.wav,Disgusted
66.wav,Suprised
67.wav,Disgusted
68.wav,Fearful
69.wav,Disgusted
70.wav,Sad
71.wav,Disgusted
72.wav,Disgusted
73.wav,Angry
74.wav,Disgusted
75.wav,Fearful
76.wav,Fearful
77.wav,Disgusted
78.wav,Fearful
79.wav,Sad
80.wav,Angry
81.wav,Disgusted
82.wav,Disgusted
83.wav,Angry
84.wav,Angry
85.wav,Disgusted
86.wav,Angry
87.wav,Suprised
88.wav,Sad
89.wav,Sad
90.wav,Disgusted
91.wav,Angry
92.wav,Sad
93.wav,Happy
94.wav,Angry
95.wav,Angry
96.wav,Disgusted
97.wav,Fearful
98.wav,Disgusted
99.wav,Neutral
100.wav,Angry
101.wav,Sad
102.wav,Disgusted
103.wav,Neutral
104.wav,Angry
105.wav,Neutral
106.wav,Angry
107.wav,Angry
108.wav,Disgusted
109.wav,Disgusted
110.wav,Sad
111.wav,Suprised
112.wav,Happy
113.wav,Disgusted
114.wav,Disgusted
115.wav,Disgusted
116.wav,Angry
117.wav,Angry
118.wav,Disgusted
119.wav,Angry
120.wav,Sad
121.wav,Sad
122.wav,Angry
123.wav,Disgusted
124.wav,Disgusted
125.wav,Sad
126.wav,Fearful
127.wav,Sad
128.wav,Angry
129.wav,Suprised
130.wav,Disgusted
131.wav,Suprised
132.wav,Happy
133.wav,Happy
134.wav,Disgusted
135.wav,Disgusted
136.wav,Disgusted
137.wav,Happy
138.wav,Angry
139.wav,Sad
140.wav,Disgusted
141.wav,Disgusted
142.wav,Angry
143.wav,Disgusted
144.wav,Disgusted
145.wav,Disgusted
146.wav,Disgusted
147.wav,Sad
148.wav,Angry
149.wav,Fearful
150.wav,Disgusted
151.wav,Angry
152.wav,Happy
153.wav,Sad
154.wav,Fearful
155.wav,Disgusted
156.wav,Sad
157.wav,Angry
158.wav,Fearful
159.wav,Happy
160.wav,Disgusted
161.wav,Suprised
162.wav,Angry
163.wav,Fearful
164.wav,Disgusted
165.wav,Neutral
166.wav,Sad
167.wav,Disgusted
168.wav,Disgusted
169.wav,Neutral
170.wav,Disgusted
171.wav,Sad
172.wav,Disgusted
173.wav,Sad
174.wav,Disgusted
175.wav,Suprised
176.wav,Disgusted
177.wav,Angry
178.wav,Fearful
179.wav,Disgusted
180.wav,Angry
181.wav,Disgusted
182.wav,Sad
183.wav,Angry
184.wav,Angry
185.wav,Angry
186.wav,Disgusted
187.wav,Suprised
188.wav,Suprised
189.wav,Sad
190.wav,Sad
191.wav,Angry
192.wav,Angry
193.wav,Disgusted
194.wav,Sad
195.wav,Disgusted
196.wav,Sad
197.wav,Angry
198.wav,Fearful
199.wav,Sad
200.wav,Angry
201.wav,Disgusted
202.wav,Fearful
203.wav,Suprised
204.wav,Fearful
205.wav,Disgusted
206.wav,Angry
207.wav,Angry
208.wav,Neutral
209.wav,Disgusted
210.wav,Happy
211.wav,Angry
212.wav,Disgusted
213.wav,Neutral
214.wav,Suprised
215.wav,Sad
216.wav,Fearful
217.wav,Happy
218.wav,Angry
219.wav,Disgusted
220.wav,Sad
221.wav,Suprised
222.wav,Disgusted
223.wav,Disgusted
224.wav,Neutral
225.wav,Sad
226.wav,Angry
227.wav,Disgusted
228.wav,Angry
229.wav,Neutral
230.wav,Disgusted
231.wav,Sad
232.wav,Sad
233.wav,Disgusted
234.wav,Disgusted
235.wav,Disgusted
236.wav,Angry
237.wav,Fearful
238.wav,Neutral
239.wav,Sad
240.wav,Fearful
241.wav,Fearful
242.wav,Angry
243.wav,Disgusted
244.wav,Disgusted
245.wav,Sad
246.wav,Happy
247.wav,Disgusted
248.wav,Angry
249.wav,Happy
250.wav,Angry
251.wav,Angry
252.wav,Happy
253.wav,Disgusted
254.wav,Sad
255.wav,Fearful
256.wav,Neutral
257.wav,Angry
258.wav,Angry
259.wav,Angry
260.wav,Angry
261.wav,Neutral
262.wav,Disgusted
263.wav,Fearful
264.wav,Fearful
265.wav,Disgusted
266.wav,Happy
267.wav,Fearful
268.wav,Happy
269.wav,Sad
270.wav,Fearful
271.wav,Disgusted
272.wav,Disgusted
273.wav,Angry
274.wav,Fearful
275.wav,Angry
276.wav,Sad
277.wav,Angry
278.wav,Angry
279.wav,Angry
280.wav,Disgusted
281.wav,Sad
282.wav,Disgusted
283.wav,Neutral
284.wav,Disgusted
285.wav,Angry
286.wav,Disgusted
287.wav,Sad
288.wav,Disgusted
289.wav,Suprised
290.wav,Disgusted
291.wav,Disgusted
292.wav,Disgusted
293.wav,Fearful
294.wav,Sad
295.wav,Fearful
296.wav,Happy
297.wav,Angry
298.wav,Angry
299.wav,Fearful
300.wav,Angry
301.wav,Fearful
302.wav,Angry
303.wav,Angry
304.wav,Sad
305.wav,Fearful
306.wav,Sad
307.wav,Angry
308.wav,Neutral
309.wav,Disgusted
310.wav,Neutral
311.wav,Sad
312.wav,Sad
313.wav,Angry
314.wav,Fearful
315.wav,Sad
316.wav,Sad
317.wav,Angry
318.wav,Fearful
319.wav,Fearful
320.wav,Fearful
321.wav,Fearful
322.wav,Fearful
323.wav,Disgusted
324.wav,Sad
325.wav,Disgusted
326.wav,Angry
327.wav,Angry
328.wav,Sad
329.wav,Angry
330.wav,Disgusted
331.wav,Sad
332.wav,Angry
333.wav,Angry
334.wav,Angry
335.wav,Disgusted
336.wav,Angry
337.wav,Angry
338.wav,Sad
339.wav,Sad
340.wav,Sad
341.wav,Disgusted
342.wav,Fearful
343.wav,Angry
344.wav,Angry
345.wav,Disgusted
346.wav,Disgusted
347.wav,Sad
348.wav,Disgusted
349.wav,Sad
350.wav,Fearful
351.wav,Angry
352.wav,Happy
353.wav,Sad
354.wav,Disgusted
355.wav,Angry
356.wav,Angry
357.wav,Sad
358.wav,Sad
359.wav,Fearful
360.wav,Angry
361.wav,Sad
362.wav,Neutral
363.wav,Angry
364.wav,Suprised
365.wav,Neutral
366.wav,Angry
367.wav,Sad
368.wav,Disgusted
369.wav,Angry
370.wav,Disgusted
371.wav,Disgusted
372.wav,Sad
373.wav,Angry
374.wav,Disgusted
375.wav,Angry
376.wav,Disgusted
377.wav,Sad
378.wav,Fearful
379.wav,Fearful
380.wav,Angry
381.wav,Angry
382.wav,Fearful
383.wav,Disgusted
384.wav,Angry
385.wav,Sad
386.wav,Happy
387.wav,Angry
388.wav,Sad
389.wav,Sad
390.wav,Angry
391.wav,Fearful
392.wav,Sad
393.wav,Angry
394.wav,Angry
395.wav,Angry
396.wav,Happy
397.wav,Disgusted
398.wav,Disgusted
399.wav,Sad
400.wav,Disgusted
401.wav,Happy
402.wav,Sad
403.wav,Disgusted
404.wav,Disgusted
405.wav,Sad
406.wav,Angry
407.wav,Disgusted
408.wav,Disgusted
409.wav,Happy
410.wav,Sad
411.wav,Happy
412.wav,Disgusted
413.wav,Sad
414.wav,Happy
415.wav,Disgusted
416.wav,Angry
417.wav,Angry
418.wav,Disgusted
419.wav,Disgusted
420.wav,Angry
421.wav,Suprised
422.wav,Disgusted
423.wav,Angry
424.wav,Disgusted
425.wav,Fearful
426.wav,Angry
427.wav,Disgusted
428.wav,Angry
429.wav,Fearful
430.wav,Disgusted
431.wav,Disgusted
432.wav,Suprised
433.wav,Fearful
434.wav,Disgusted
435.wav,Sad
436.wav,Angry
437.wav,Sad
438.wav,Angry
439.wav,Neutral
440.wav,Happy
441.wav,Angry
442.wav,Angry
443.wav,Suprised
444.wav,Fearful
445.wav,Fearful
446.wav,Angry
447.wav,Sad
448.wav,Angry
449.wav,Sad
450.wav,Fearful
451.wav,Neutral
452.wav,Angry
453.wav,Disgusted
454.wav,Disgusted
455.wav,Sad
456.wav,Disgusted
457.wav,Disgusted
458.wav,Disgusted
459.wav,Sad
460.wav,Disgusted
461.wav,Angry
462.wav,Fearful
463.wav,Happy
464.wav,Disgusted
465.wav,Sad
466.wav,Sad
467.wav,Happy
468.wav,Sad
469.wav,Sad
470.wav,Sad
471.wav,Sad
472.wav,Happy
473.wav,Fearful
474.wav,Fearful
475.wav,Sad
476.wav,Disgusted
477.wav,Fearful
478.wav,Fearful
479.wav,Fearful
480.wav,Angry
481.wav,Disgusted
482.wav,Angry
483.wav,Angry
484.wav,Angry
485.wav,Disgusted
486.wav,Disgusted
487.wav,Fearful
488.wav,Disgusted
489.wav,Disgusted
490.wav,Neutral
491.wav,Disgusted
492.wav,Sad
493.wav,Angry
494.wav,Disgusted
495.wav,Happy
496.wav,Disgusted
497.wav,Disgusted
498.wav,Sad
499.wav,Angry
500.wav,Angry
501.wav,Neutral
502.wav,Sad
503.wav,Angry
504.wav,Disgusted
505.wav,Happy
506.wav,Sad
507.wav,Disgusted
508.wav,Angry
509.wav,Disgusted
510.wav,Disgusted
511.wav,Angry
512.wav,Disgusted
513.wav,Sad
514.wav,Disgusted
515.wav,Disgusted
516.wav,Fearful
517.wav,Disgusted
518.wav,Disgusted
519.wav,Sad
520.wav,Fearful
521.wav,Neutral
522.wav,Disgusted
523.wav,Happy
524.wav,Fearful
525.wav,Disgusted
526.wav,Angry
527.wav,Fearful
528.wav,Fearful
529.wav,Disgusted
530.wav,Neutral
531.wav,Sad
532.wav,Disgusted
533.wav,Neutral
534.wav,Suprised
535.wav,Fearful
536.wav,Angry
537.wav,Disgusted
538.wav,Angry
539.wav,Sad
540.wav,Sad
541.wav,Sad
542.wav,Sad
543.wav,Neutral
544.wav,Angry
545.wav,Angry
546.wav,Sad
547.wav,Sad
548.wav,Happy
549.wav,Disgusted
550.wav,Sad
551.wav,Sad
552.wav,Disgusted
553.wav,Fearful
554.wav,Angry
555.wav,Angry
556.wav,Happy
557.wav,Angry
558.wav,Sad
559.wav,Angry
560.wav,Fearful
561.wav,Fearful
562.wav,Disgusted
563.wav,Angry
564.wav,Angry
565.wav,Fearful
566.wav,Disgusted
567.wav,Angry
568.wav,Happy
569.wav,Sad
570.wav,Fearful
571.wav,Sad
572.wav,Angry
573.wav,Angry
574.wav,Sad
575.wav,Angry
576.wav,Suprised
577.wav,Disgusted
578.wav,Disgusted
579.wav,Sad
580.wav,Disgusted
581.wav,Disgusted
582.wav,Angry
583.wav,Angry
584.wav,Disgusted
585.wav,Fearful
586.wav,Angry
587.wav,Sad
588.wav,Sad
589.wav,Angry
590.wav,Angry
591.wav,Angry
592.wav,Disgusted
593.wav,Neutral
594.wav,Disgusted
595.wav,Disgusted
596.wav,Sad
597.wav,Disgusted
598.wav,Disgusted
599.wav,Angry
600.wav,Disgusted
601.wav,Suprised
602.wav,Fearful
603.wav,Angry
604.wav,Angry
605.wav,Sad
606.wav,Sad
607.wav,Sad
608.wav,Fearful
609.wav,Suprised
610.wav,Angry
611.wav,Sad
612.wav,Happy
613.wav,Disgusted
614.wav,Disgusted
615.wav,Sad
616.wav,Angry
617.wav,Fearful
618.wav,Angry
619.wav,Neutral
620.wav,Happy
621.wav,Disgusted
622.wav,Disgusted
623.wav,Angry
624.wav,Angry
625.wav,Fearful
626.wav,Disgusted
627.wav,Fearful
628.wav,Angry
629.wav,Sad
630.wav,Happy
631.wav,Fearful
632.wav,Neutral
633.wav,Sad
634.wav,Disgusted
635.wav,Fearful
636.wav,Fearful
637.wav,Fearful
638.wav,Disgusted
639.wav,Disgusted
640.wav,Suprised
641.wav,Sad
642.wav,Neutral
643.wav,Sad
644.wav,Angry
645.wav,Disgusted
646.wav,Angry
647.wav,Happy
648.wav,Sad
649.wav,Disgusted
650.wav,Sad
651.wav,Angry
652.wav,Disgusted
653.wav,Angry
654.wav,Angry
655.wav,Happy
656.wav,Sad
657.wav,Angry
658.wav,Sad
659.wav,Angry
660.wav,Disgusted
661.wav,Sad
662.wav,Angry
663.wav,Angry
664.wav,Fearful
665.wav,Fearful
666.wav,Fearful
667.wav,Disgusted
668.wav,Disgusted
669.wav,Sad
670.wav,Sad
671.wav,Disgusted
672.wav,Fearful
673.wav,Disgusted
674.wav,Fearful
675.wav,Happy
676.wav,Fearful
677.wav,Angry
678.wav,Sad
679.wav,Angry
680.wav,Happy
681.wav,Angry
682.wav,Disgusted
683.wav,Sad
684.wav,Sad
685.wav,Angry
686.wav,Sad
687.wav,Fearful
688.wav,Sad
689.wav,Disgusted
690.wav,Angry
691.wav,Angry
692.wav,Angry
693.wav,Suprised
694.wav,Angry
695.wav,Disgusted
696.wav,Fearful
697.wav,Disgusted
698.wav,Neutral
699.wav,Angry
700.wav,Disgusted
701.wav,Fearful
702.wav,Disgusted
703.wav,Disgusted
704.wav,Angry
705.wav,Sad
706.wav,Happy
707.wav,Disgusted
708.wav,Sad
709.wav,Disgusted
710.wav,Angry
711.wav,Sad
712.wav,Angry
713.wav,Angry
714.wav,Sad
715.wav,Happy
716.wav,Disgusted
717.wav,Angry
718.wav,Angry
719.wav,Angry
720.wav,Sad
721.wav,Disgusted
722.wav,Angry
723.wav,Sad
724.wav,Disgusted
725.wav,Neutral
726.wav,Sad
727.wav,Angry
728.wav,Disgusted
729.wav,Angry
730.wav,Sad
731.wav,Disgusted
732.wav,Happy
733.wav,Sad
734.wav,Fearful
735.wav,Disgusted
736.wav,Disgusted
737.wav,Angry
738.wav,Sad
739.wav,Fearful
740.wav,Neutral
741.wav,Neutral
742.wav,Disgusted
743.wav,Fearful
744.wav,Fearful
745.wav,Disgusted
746.wav,Angry
747.wav,Disgusted
748.wav,Disgusted
749.wav,Angry
750.wav,Angry
751.wav,Disgusted
752.wav,Sad
753.wav,Angry
754.wav,Angry
755.wav,Disgusted
756.wav,Happy
757.wav,Happy
758.wav,Angry
759.wav,Disgusted
760.wav,Disgusted
761.wav,Disgusted
762.wav,Angry
763.wav,Angry
764.wav,Sad
765.wav,Angry
766.wav,Angry
767.wav,Fearful
768.wav,Sad
769.wav,Neutral
770.wav,Angry
771.wav,Disgusted
772.wav,Disgusted
773.wav,Angry
774.wav,Sad
775.wav,Disgusted
776.wav,Angry
777.wav,Sad
778.wav,Fearful
779.wav,Angry
780.wav,Angry
781.wav,Neutral
782.wav,Disgusted
783.wav,Sad
784.wav,Disgusted
785.wav,Angry
786.wav,Disgusted
787.wav,Angry
788.wav,Disgusted
789.wav,Suprised
790.wav,Angry
791.wav,Fearful
792.wav,Disgusted
793.wav,Fearful
794.wav,Happy
795.wav,Fearful
796.wav,Angry
797.wav,Angry
798.wav,Angry
799.wav,Sad
800.wav,Disgusted
801.wav,Disgusted
802.wav,Fearful
803.wav,Disgusted
804.wav,Disgusted
805.wav,Disgusted
806.wav,Angry
807.wav,Happy
808.wav,Disgusted
809.wav,Happy
810.wav,Happy
811.wav,Disgusted
812.wav,Disgusted
813.wav,Disgusted
814.wav,Suprised
815.wav,Fearful
816.wav,Angry
817.wav,Fearful
818.wav,Angry
819.wav,Angry
820.wav,Disgusted
821.wav,Fearful
822.wav,Disgusted
823.wav,Disgusted
824.wav,Angry
825.wav,Fearful
826.wav,Fearful
827.wav,Neutral
828.wav,Angry
829.wav,Happy
830.wav,Suprised
831.wav,Sad
832.wav,Fearful
833.wav,Fearful
834.wav,Disgusted
835.wav,Angry
836.wav,Disgusted
837.wav,Angry
838.wav,Disgusted
839.wav,Angry
840.wav,Sad
841.wav,Disgusted
842.wav,Fearful
843.wav,Angry
844.wav,Fearful
845.wav,Sad
846.wav,Angry
847.wav,Disgusted
848.wav,Angry
849.wav,Angry
850.wav,Sad
851.wav,Sad
852.wav,Disgusted
853.wav,Sad
854.wav,Fearful
855.wav,Sad
856.wav,Disgusted
857.wav,Happy
858.wav,Disgusted
859.wav,Sad
860.wav,Disgusted
861.wav,Angry
862.wav,Sad
863.wav,Sad
864.wav,Sad
865.wav,Disgusted
866.wav,Sad
867.wav,Angry
868.wav,Disgusted
869.wav,Disgusted
870.wav,Angry
871.wav,Sad
872.wav,Angry
873.wav,Sad
874.wav,Disgusted
875.wav,Angry
876.wav,Angry
877.wav,Fearful
878.wav,Angry
879.wav,Angry
880.wav,Angry
881.wav,Disgusted
882.wav,Angry
883.wav,Angry
884.wav,Fearful
885.wav,Angry
886.wav,Disgusted
887.wav,Suprised
888.wav,Disgusted
889.wav,Happy
890.wav,Disgusted
891.wav,Angry
892.wav,Sad
893.wav,Angry
894.wav,Angry
895.wav,Sad
896.wav,Neutral
897.wav,Disgusted
898.wav,Fearful
899.wav,Disgusted
900.wav,Happy
901.wav,Fearful
902.wav,Angry
903.wav,Sad
904.wav,Angry
905.wav,Angry
906.wav,Sad
907.wav,Sad
908.wav,Sad
909.wav,Sad
910.wav,Sad
911.wav,Neutral
912.wav,Angry
913.wav,Sad
914.wav,Neutral
915.wav,Angry
916.wav,Disgusted
917.wav,Disgusted
918.wav,Sad
919.wav,Angry
920.wav,Sad
921.wav,Disgusted
922.wav,Sad
923.wav,Angry
924.wav,Disgusted
925.wav,Sad
926.wav,Angry
927.wav,Sad
928.wav,Angry
929.wav,Sad
930.wav,Angry
931.wav,Suprised
932.wav,Disgusted
933.wav,Disgusted
934.wav,Neutral
935.wav,Angry
936.wav,Disgusted
937.wav,Angry
938.wav,Neutral
939.wav,Sad
940.wav,Happy
941.wav,Angry
942.wav,Sad
943.wav,Disgusted
944.wav,Sad
945.wav,Angry
946.wav,Sad
947.wav,Sad
948.wav,Disgusted
949.wav,Disgusted
950.wav,Angry
951.wav,Fearful
952.wav,Neutral
953.wav,Sad
954.wav,Happy
955.wav,Fearful
956.wav,Disgusted
957.wav,Angry
958.wav,Angry
959.wav,Angry
960.wav,Disgusted
961.wav,Angry
962.wav,Angry
963.wav,Angry
964.wav,Angry
965.wav,Angry
966.wav,Sad
967.wav,Disgusted
968.wav,Happy
969.wav,Happy
970.wav,Fearful
971.wav,Happy
972.wav,Disgusted
973.wav,Disgusted
974.wav,Fearful
975.wav,Disgusted
976.wav,Disgusted
977.wav,Disgusted
978.wav,Disgusted
979.wav,Happy
980.wav,Disgusted
981.wav,Disgusted
982.wav,Sad
983.wav,Disgusted
984.wav,Sad
985.wav,Disgusted
986.wav,Sad
987.wav,Disgusted
988.wav,Angry
989.wav,Suprised
990.wav,Disgusted
991.wav,Disgusted
992.wav,Angry
993.wav,Sad
994.wav,Sad
995.wav,Angry
996.wav,Sad
997.wav,Sad
998.wav,Disgusted
999.wav,Fearful
1000.wav,Angry
1001.wav,Fearful
1002.wav,Fearful
1003.wav,Fearful
1004.wav,Fearful
1005.wav,Sad
1006.wav,Angry
1007.wav,Angry
1008.wav,Disgusted
1009.wav,Disgusted
1010.wav,Fearful
1011.wav,Disgusted
1012.wav,Disgusted
1013.wav,Fearful
1014.wav,Sad
1015.wav,Fearful
1016.wav,Disgusted
1017.wav,Fearful
1018.wav,Disgusted
1019.wav,Angry
1020.wav,Sad
1021.wav,Disgusted
1022.wav,Sad
1023.wav,Disgusted
1024.wav,Suprised
1025.wav,Angry
1026.wav,Sad
1027.wav,Fearful
1028.wav,Sad
1029.wav,Sad
1030.wav,Happy
1031.wav,Happy
1032.wav,Sad
1033.wav,Sad
1034.wav,Sad
1035.wav,Sad
1036.wav,Angry
1037.wav,Sad
1038.wav,Sad
1039.wav,Disgusted
1040.wav,Angry
1041.wav,Sad
1042.wav,Angry
1043.wav,Suprised
1044.wav,Fearful
1045.wav,Angry
1046.wav,Angry
1047.wav,Disgusted
1048.wav,Neutral
1049.wav,Disgusted
1050.wav,Sad
1051.wav,Disgusted
1052.wav,Disgusted
1053.wav,Happy
1054.wav,Fearful
1055.wav,Disgusted
1056.wav,Fearful
1057.wav,Angry
1058.wav,Angry
1059.wav,Suprised
1060.wav,Sad
1061.wav,Disgusted
1062.wav,Suprised
1063.wav,Disgusted
1064.wav,Happy
1065.wav,Angry
1066.wav,Angry
1067.wav,Angry
1068.wav,Happy
1069.wav,Disgusted
1070.wav,Sad
1071.wav,Suprised
1072.wav,Disgusted
1073.wav,Fearful
1074.wav,Disgusted
1075.wav,Happy
1076.wav,Sad
1077.wav,Angry
1078.wav,Disgusted
1079.wav,Angry
1080.wav,Angry
1081.wav,Happy
1082.wav,Angry
1083.wav,Disgusted
1084.wav,Disgusted
1085.wav,Sad
1086.wav,Sad
1087.wav,Disgusted
1088.wav,Disgusted
1089.wav,Fearful
1090.wav,Disgusted
1091.wav,Angry
1092.wav,Angry
1093.wav,Sad
1094.wav,Angry
1095.wav,Sad
1096.wav,Disgusted
1097.wav,Disgusted
1098.wav,Fearful
1099.wav,Disgusted
1100.wav,Disgusted
1101.wav,Disgusted
1102.wav,Fearful
1103.wav,Angry
1104.wav,Fearful
1105.wav,Sad
1106.wav,Neutral
1107.wav,Angry
1108.wav,Happy
1109.wav,Angry
1110.wav,Fearful
1111.wav,Disgusted
1112.wav,Disgusted
1113.wav,Disgusted
1114.wav,Disgusted
1115.wav,Angry
1116.wav,Angry
1117.wav,Disgusted
1118.wav,Angry
1119.wav,Sad
1120.wav,Angry
1121.wav,Angry
1122.wav,Fearful
1123.wav,Disgusted
1124.wav,Sad
1125.wav,Sad
1126.wav,Disgusted
1127.wav,Fearful
1128.wav,Disgusted
1129.wav,Disgusted
1130.wav,Disgusted
1131.wav,Happy
1132.wav,Happy
1133.wav,Sad
1134.wav,Sad
1135.wav,Sad
1136.wav,Neutral
1137.wav,Fearful
1138.wav,Disgusted
1139.wav,Angry
1140.wav,Suprised
1141.wav,Sad
1142.wav,Disgusted
1143.wav,Sad
1144.wav,Neutral
1145.wav,Disgusted
1146.wav,Angry
1147.wav,Neutral
1148.wav,Disgusted
1149.wav,Disgusted
1150.wav,Neutral
1151.wav,Angry
1152.wav,Angry
1153.wav,Angry
1154.wav,Disgusted
1155.wav,Happy
1156.wav,Disgusted
1157.wav,Angry
1158.wav,Disgusted
1159.wav,Angry
1160.wav,Sad
1161.wav,Disgusted
1162.wav,Fearful
1163.wav,Suprised
1164.wav,Disgusted
1165.wav,Angry
1166.wav,Neutral
1167.wav,Disgusted
1168.wav,Disgusted
1169.wav,Sad
1170.wav,Disgusted
1171.wav,Disgusted
1172.wav,Angry
1173.wav,Fearful
1174.wav,Angry
1175.wav,Fearful
1176.wav,Fearful
1177.wav,Sad
1178.wav,Happy
1179.wav,Angry
1180.wav,Fearful
1181.wav,Sad
1182.wav,Suprised
1183.wav,Sad
1184.wav,Sad
1185.wav,Happy
1186.wav,Sad
1187.wav,Angry
1188.wav,Fearful
1189.wav,Sad
1190.wav,Disgusted
1191.wav,Suprised
1192.wav,Angry
1193.wav,Fearful
1194.wav,Sad
1195.wav,Angry
1196.wav,Disgusted
1197.wav,Angry
1198.wav,Disgusted
1199.wav,Sad
1200.wav,Disgusted
1201.wav,Sad
1202.wav,Disgusted
1203.wav,Angry
1204.wav,Disgusted
1205.wav,Angry
1206.wav,Sad
1207.wav,Disgusted
1208.wav,Fearful
1209.wav,Neutral
1210.wav,Suprised
1211.wav,Disgusted
1212.wav,Disgusted
1213.wav,Disgusted
1214.wav,Sad
1215.wav,Angry
1216.wav,Disgusted
1217.wav,Angry
1218.wav,Disgusted
1219.wav,Angry
1220.wav,Disgusted
1221.wav,Angry
1222.wav,Angry
1223.wav,Neutral
1224.wav,Angry
1225.wav,Disgusted
1226.wav,Neutral
1227.wav,Disgusted
1228.wav,Sad
1229.wav,Suprised
1230.wav,Neutral
1231.wav,Sad
1232.wav,Angry
1233.wav,Angry
1234.wav,Angry
1235.wav,Angry
1236.wav,Disgusted
1237.wav,Disgusted
1238.wav,Disgusted
1239.wav,Neutral
1240.wav,Angry
1241.wav,Disgusted
1242.wav,Disgusted
1243.wav,Disgusted
1244.wav,Disgusted
1245.wav,Disgusted
1246.wav,Angry
1247.wav,Sad
1248.wav,Sad
1249.wav,Disgusted
1250.wav,Angry
1251.wav,Angry
1252.wav,Disgusted
1253.wav,Sad
1254.wav,Disgusted
1255.wav,Disgusted
1256.wav,Neutral
1257.wav,Angry
1258.wav,Fearful
1259.wav,Angry
1260.wav,Disgusted
1261.wav,Sad
1262.wav,Sad
1263.wav,Disgusted
1264.wav,Disgusted
1265.wav,Happy
1266.wav,Angry
1267.wav,Neutral
1268.wav,Angry
1269.wav,Sad
1270.wav,Angry
1271.wav,Fearful
1272.wav,Disgusted
1273.wav,Neutral
1274.wav,Sad
1275.wav,Angry
1276.wav,Disgusted
1277.wav,Disgusted
1278.wav,Happy
1279.wav,Disgusted
1280.wav,Angry
1281.wav,Happy
1282.wav,Angry
1283.wav,Happy
1284.wav,Suprised
1285.wav,Neutral
1286.wav,Sad
1287.wav,Angry
1288.wav,Fearful
1289.wav,Sad
1290.wav,Disgusted
1291.wav,Disgusted
1292.wav,Angry
1293.wav,Angry
1294.wav,Angry
1295.wav,Disgusted
1296.wav,Sad
1297.wav,Sad
1298.wav,Angry
1299.wav,Angry
1300.wav,Angry
1301.wav,Fearful
1302.wav,Happy
1303.wav,Angry
1304.wav,Disgusted
1305.wav,Happy
1306.wav,Fearful
1307.wav,Angry
1308.wav,Sad
1309.wav,Sad
1310.wav,Angry
1311.wav,Fearful
1312.wav,Fearful
1313.wav,Disgusted
1314.wav,Fearful
1315.wav,Disgusted
1316.wav,Disgusted
1317.wav,Disgusted
1318.wav,Disgusted
1319.wav,Disgusted
1320.wav,Happy
1321.wav,Happy
1322.wav,Sad
1323.wav,Sad
1324.wav,Disgusted
1325.wav,Angry
1326.wav,Angry
1327.wav,Sad
1328.wav,Disgusted
1329.wav,Disgusted
1330.wav,Fearful
1331.wav,Sad
1332.wav,Disgusted
1333.wav,Angry
1334.wav,Fearful
1335.wav,Disgusted
1336.wav,Angry
1337.wav,Angry
1338.wav,Fearful
1339.wav,Disgusted
1340.wav,Disgusted
1341.wav,Fearful
1342.wav,Sad
1343.wav,Fearful
1344.wav,Happy
1345.wav,Fearful
1346.wav,Fearful
1347.wav,Happy
1348.wav,Sad
1349.wav,Neutral
1350.wav,Disgusted
1351.wav,Angry
1352.wav,Disgusted
1353.wav,Happy
1354.wav,Angry
1355.wav,Fearful
1356.wav,Disgusted
1357.wav,Disgusted
1358.wav,Angry
1359.wav,Angry
1360.wav,Angry
1361.wav,Sad
1362.wav,Sad
1363.wav,Disgusted
1364.wav,Neutral
1365.wav,Sad
1366.wav,Angry
1367.wav,Angry
1368.wav,Disgusted
1369.wav,Fearful
1370.wav,Disgusted
1371.wav,Disgusted
1372.wav,Neutral
1373.wav,Angry
1374.wav,Angry
1375.wav,Sad
1376.wav,Angry
1377.wav,Disgusted
1378.wav,Fearful
1379.wav,Fearful
1380.wav,Angry
1381.wav,Angry
1382.wav,Disgusted
1383.wav,Angry
1384.wav,Angry
1385.wav,Fearful
1386.wav,Sad
1387.wav,Sad
1388.wav,Happy
1389.wav,Angry
1390.wav,Disgusted
1391.wav,Angry
1392.wav,Fearful
1393.wav,Angry
1394.wav,Sad
1395.wav,Sad
1396.wav,Angry
1397.wav,Sad
1398.wav,Fearful
1399.wav,Fearful
1400.wav,Angry
1401.wav,Disgusted
1402.wav,Angry
1403.wav,Angry
1404.wav,Suprised
1405.wav,Sad
1406.wav,Neutral
1407.wav,Fearful
1408.wav,Angry
1409.wav,Fearful
1410.wav,Happy
1411.wav,Angry
1412.wav,Disgusted
1413.wav,Angry
1414.wav,Sad
1415.wav,Angry
1416.wav,Angry
1417.wav,Angry
1418.wav,Angry
1419.wav,Disgusted
1420.wav,Fearful
1421.wav,Happy
1422.wav,Happy
1423.wav,Angry
1424.wav,Disgusted
1425.wav,Angry
1426.wav,Sad
1427.wav,Sad
1428.wav,Angry
1429.wav,Angry
1430.wav,Neutral
1431.wav,Fearful
1432.wav,Disgusted
1433.wav,Disgusted
1434.wav,Fearful
1435.wav,Angry
1436.wav,Disgusted
1437.wav,Disgusted
1438.wav,Angry
1439.wav,Disgusted
1440.wav,Angry
1441.wav,Angry
1442.wav,Fearful
1443.wav,Sad
1444.wav,Fearful
1445.wav,Disgusted
1446.wav,Fearful
1447.wav,Fearful
1448.wav,Sad
1449.wav,Fearful
1450.wav,Sad
1451.wav,Sad
1452.wav,Sad
1453.wav,Disgusted
1454.wav,Disgusted
1455.wav,Sad
1456.wav,Sad
1457.wav,Sad
1458.wav,Disgusted
1459.wav,Angry
1460.wav,Sad
1461.wav,Angry
1462.wav,Fearful
1463.wav,Sad
1464.wav,Disgusted
1465.wav,Sad
1466.wav,Disgusted
1467.wav,Disgusted
1468.wav,Angry
1469.wav,Angry
1470.wav,Disgusted
1471.wav,Neutral
1472.wav,Disgusted
1473.wav,Disgusted
1474.wav,Angry
1475.wav,Disgusted
1476.wav,Sad
1477.wav,Suprised
1478.wav,Disgusted
1479.wav,Fearful
1480.wav,Angry
1481.wav,Sad
1482.wav,Disgusted
1483.wav,Disgusted
1484.wav,Happy
1485.wav,Disgusted
1486.wav,Disgusted
1487.wav,Happy
1488.wav,Angry
1489.wav,Angry
1490.wav,Suprised
1491.wav,Angry
1492.wav,Angry
1493.wav,Disgusted
1494.wav,Angry
1495.wav,Disgusted
1496.wav,Fearful
1497.wav,Disgusted
1498.wav,Suprised
1499.wav,Sad
1500.wav,Disgusted
1501.wav,Fearful
1502.wav,Happy
1503.wav,Disgusted
1504.wav,Sad
1505.wav,Disgusted
1506.wav,Disgusted
1507.wav,Angry
1508.wav,Angry
1509.wav,Disgusted
1510.wav,Suprised
1511.wav,Disgusted
1512.wav,Angry
1513.wav,Angry
1514.wav,Sad
1515.wav,Neutral
1516.wav,Fearful
1517.wav,Angry
1518.wav,Angry
1519.wav,Disgusted
1520.wav,Angry
1521.wav,Angry
1522.wav,Angry
1523.wav,Sad
1524.wav,Disgusted
1525.wav,Sad
1526.wav,Fearful
1527.wav,Sad
1528.wav,Happy
1529.wav,Disgusted
1530.wav,Angry
1531.wav,Sad
1532.wav,Disgusted
1533.wav,Angry
1534.wav,Disgusted
1535.wav,Disgusted
1536.wav,Disgusted
1537.wav,Sad
1538.wav,Fearful
1539.wav,Angry
1540.wav,Disgusted
1541.wav,Angry
1542.wav,Sad
1543.wav,Happy
1544.wav,Happy
1545.wav,Disgusted
1546.wav,Angry
1547.wav,Sad
1548.wav,Disgusted
1549.wav,Angry
1550.wav,Sad
1551.wav,Disgusted
1552.wav,Angry
1553.wav,Happy
1554.wav,Sad
1555.wav,Disgusted
1556.wav,Angry
1557.wav,Fearful
1558.wav,Angry
1559.wav,Fearful
1560.wav,Angry
1561.wav,Angry
1562.wav,Disgusted
1563.wav,Fearful
1564.wav,Fearful
1565.wav,Fearful
1566.wav,Sad
1567.wav,Fearful
1568.wav,Angry
1569.wav,Sad
1570.wav,Happy
1571.wav,Disgusted
1572.wav,Suprised
1573.wav,Disgusted
1574.wav,Disgusted
1575.wav,Angry
1576.wav,Disgusted
1577.wav,Angry
1578.wav,Sad
1579.wav,Angry
1580.wav,Disgusted
1581.wav,Disgusted
1582.wav,Sad
1583.wav,Neutral
1584.wav,Disgusted
1585.wav,Fearful
1586.wav,Angry
1587.wav,Suprised
1588.wav,Disgusted
1589.wav,Disgusted
1590.wav,Disgusted
1591.wav,Angry
1592.wav,Disgusted
1593.wav,Disgusted
1594.wav,Happy
1595.wav,Angry
1596.wav,Angry
1597.wav,Happy
1598.wav,Happy
1599.wav,Angry
1600.wav,Disgusted
1601.wav,Disgusted
1602.wav,Neutral
1603.wav,Disgusted
1604.wav,Fearful
1605.wav,Disgusted
1606.wav,Angry
1607.wav,Angry
1608.wav,Disgusted
1609.wav,Happy
1610.wav,Suprised
1611.wav,Fearful
1612.wav,Sad
1613.wav,Sad
1614.wav,Angry
1615.wav,Disgusted
1616.wav,Disgusted
1617.wav,Fearful
1618.wav,Fearful
1619.wav,Sad
1620.wav,Disgusted
1621.wav,Happy
1622.wav,Disgusted
1623.wav,Angry
1624.wav,Fearful
1625.wav,Angry
1626.wav,Angry
1627.wav,Sad
1628.wav,Angry
1629.wav,Happy
1630.wav,Disgusted
1631.wav,Happy
1632.wav,Sad
1633.wav,Sad
1634.wav,Sad
1635.wav,Neutral
1636.wav,Disgusted
1637.wav,Neutral
1638.wav,Sad
1639.wav,Disgusted
1640.wav,Angry
1641.wav,Disgusted
1642.wav,Fearful
1643.wav,Sad
1644.wav,Angry
1645.wav,Angry
1646.wav,Sad
1647.wav,Fearful
1648.wav,Sad
1649.wav,Happy
1650.wav,Disgusted
1651.wav,Angry
1652.wav,Disgusted
1653.wav,Suprised
1654.wav,Disgusted
1655.wav,Sad
1656.wav,Disgusted
1657.wav,Fearful
1658.wav,Fearful
1659.wav,Disgusted
1660.wav,Disgusted
1661.wav,Angry
1662.wav,Fearful
1663.wav,Sad
1664.wav,Fearful
1665.wav,Fearful
1666.wav,Angry
1667.wav,Disgusted
1668.wav,Angry
1669.wav,Suprised
1670.wav,Angry
1671.wav,Suprised
1672.wav,Sad
1673.wav,Neutral
1674.wav,Happy
1675.wav,Angry
1676.wav,Neutral
1677.wav,Disgusted
1678.wav,Happy
1679.wav,Angry
1680.wav,Angry
1681.wav,Suprised
1682.wav,Sad
1683.wav,Disgusted
1684.wav,Disgusted
1685.wav,Neutral
1686.wav,Neutral
1687.wav,Happy
1688.wav,Disgusted
1689.wav,Disgusted
1690.wav,Sad
1691.wav,Disgusted
1692.wav,Neutral
1693.wav,Sad
1694.wav,Sad
1695.wav,Angry
1696.wav,Sad
1697.wav,Angry
1698.wav,Neutral
1699.wav,Angry
1700.wav,Fearful
1701.wav,Angry
1702.wav,Angry
1703.wav,Happy
1704.wav,Angry
1705.wav,Fearful
1706.wav,Neutral
1707.wav,Disgusted
1708.wav,Angry
1709.wav,Angry
1710.wav,Disgusted
1711.wav,Sad
1712.wav,Sad
1713.wav,Angry
1714.wav,Angry
1715.wav,Sad
1716.wav,Disgusted
1717.wav,Fearful
1718.wav,Disgusted
1719.wav,Suprised
1720.wav,Angry
1721.wav,Disgusted
1722.wav,Sad
1723.wav,Angry
1724.wav,Disgusted
1725.wav,Disgusted
1726.wav,Sad
1727.wav,Angry
1728.wav,Disgusted
1729.wav,Disgusted
1730.wav,Angry
1731.wav,Suprised
1732.wav,Angry
1733.wav,Angry
1734.wav,Angry
1735.wav,Disgusted
1736.wav,Fearful
1737.wav,Disgusted
1738.wav,Neutral
1739.wav,Suprised
1740.wav,Neutral
1741.wav,Sad
1742.wav,Angry
1743.wav,Disgusted
1744.wav,Sad
1745.wav,Disgusted
1746.wav,Disgusted
1747.wav,Disgusted
1748.wav,Sad
1749.wav,Sad
1750.wav,Disgusted
1751.wav,Sad
1752.wav,Angry
1753.wav,Neutral
1754.wav,Disgusted
1755.wav,Angry
1756.wav,Sad
1757.wav,Angry
1758.wav,Sad
1759.wav,Angry
1760.wav,Sad
1761.wav,Angry
1762.wav,Sad
1763.wav,Disgusted
1764.wav,Disgusted
1765.wav,Disgusted
1766.wav,Fearful
1767.wav,Fearful
1768.wav,Fearful
1769.wav,Angry
1770.wav,Fearful
1771.wav,Angry
1772.wav,Angry
1773.wav,Sad
1774.wav,Fearful
1775.wav,Angry
1776.wav,Sad
1777.wav,Angry
1778.wav,Disgusted
1779.wav,Angry
1780.wav,Neutral
1781.wav,Happy
1782.wav,Sad
1783.wav,Disgusted
1784.wav,Disgusted
1785.wav,Disgusted
1786.wav,Sad
1787.wav,Angry
1788.wav,Sad
1789.wav,Angry
1790.wav,Angry
1791.wav,Disgusted
1792.wav,Fearful
1793.wav,Happy
1794.wav,Sad
1795.wav,Fearful
1796.wav,Angry
1797.wav,Fearful
1798.wav,Angry
1799.wav,Happy
1800.wav,Sad
1801.wav,Happy
1802.wav,Disgusted
1803.wav,Angry
1804.wav,Angry
1805.wav,Sad
1806.wav,Neutral
1807.wav,Angry
1808.wav,Sad
1809.wav,Angry
1810.wav,Angry
1811.wav,Sad
1812.wav,Disgusted
1813.wav,Angry
1814.wav,Fearful
1815.wav,Sad
1816.wav,Disgusted
1817.wav,Fearful
1818.wav,Fearful
1819.wav,Suprised
1820.wav,Angry
1821.wav,Sad
1822.wav,Angry
1823.wav,Happy
1824.wav,Angry
1825.wav,Disgusted
1826.wav,Angry
1827.wav,Sad
1828.wav,Angry
1829.wav,Happy
1830.wav,Sad
1831.wav,Sad
1832.wav,Angry
1833.wav,Angry
1834.wav,Sad
1835.wav,Sad
1836.wav,Sad
1837.wav,Disgusted
1838.wav,Fearful
1839.wav,Angry
1840.wav,Fearful
1841.wav,Disgusted
1842.wav,Happy
1843.wav,Angry
1844.wav,Disgusted
1845.wav,Sad
1846.wav,Angry
1847.wav,Disgusted
1848.wav,Disgusted
1849.wav,Angry
1850.wav,Happy
1851.wav,Disgusted
1852.wav,Sad
1853.wav,Sad
1854.wav,Sad
1855.wav,Angry
1856.wav,Disgusted
1857.wav,Fearful
1858.wav,Sad
1859.wav,Disgusted
1860.wav,Disgusted
1861.wav,Suprised
1862.wav,Angry
1863.wav,Fearful
1864.wav,Fearful
1865.wav,Neutral
1866.wav,Disgusted
1867.wav,Disgusted
1868.wav,Disgusted
1869.wav,Sad
1870.wav,Sad
1871.wav,Fearful
1872.wav,Sad
1873.wav,Angry
1874.wav,Angry
1875.wav,Disgusted
1876.wav,Angry
1877.wav,Neutral
1878.wav,Fearful
1879.wav,Angry
1880.wav,Sad
1881.wav,Disgusted
1882.wav,Disgusted
1883.wav,Suprised
1884.wav,Sad
1885.wav,Angry
1886.wav,Angry
1887.wav,Disgusted
1888.wav,Angry
1889.wav,Disgusted
1890.wav,Disgusted
1891.wav,Happy
1892.wav,Sad
1893.wav,Neutral
1894.wav,Happy
1895.wav,Sad
1896.wav,Angry
1897.wav,Disgusted
1898.wav,Happy
1899.wav,Sad
1900.wav,Sad
1901.wav,Angry
1902.wav,Disgusted
1903.wav,Disgusted
1904.wav,Happy
1905.wav,Suprised
1906.wav,Sad
1907.wav,Neutral
1908.wav,Happy
1909.wav,Angry
1910.wav,Angry
1911.wav,Sad
1912.wav,Angry
1913.wav,Happy
1914.wav,Angry
1915.wav,Angry
1916.wav,Sad
1917.wav,Sad
1918.wav,Disgusted
1919.wav,Angry
1920.wav,Happy
1921.wav,Disgusted
1922.wav,Disgusted
1923.wav,Happy
1924.wav,Sad
1925.wav,Angry
1926.wav,Disgusted
1927.wav,Sad
1928.wav,Fearful
1929.wav,Angry
1930.wav,Disgusted
1931.wav,Happy
1932.wav,Disgusted
1933.wav,Angry
1934.wav,Angry
1935.wav,Angry
1936.wav,Sad
1937.wav,Suprised
1938.wav,Angry
1939.wav,Fearful
1940.wav,Disgusted
1941.wav,Angry
1942.wav,Disgusted
1943.wav,Angry
1944.wav,Disgusted
1945.wav,Disgusted
1946.wav,Angry
1947.wav,Sad
1948.wav,Disgusted
1949.wav,Angry
1950.wav,Happy
1951.wav,Suprised
1952.wav,Angry
1953.wav,Angry
1954.wav,Sad
1955.wav,Disgusted
1956.wav,Angry
1957.wav,Neutral
1958.wav,Angry
1959.wav,Disgusted
1960.wav,Disgusted
1961.wav,Disgusted
1962.wav,Fearful
1963.wav,Disgusted
1964.wav,Sad
1965.wav,Happy
1966.wav,Sad
1967.wav,Angry
1968.wav,Angry
1969.wav,Fearful
1970.wav,Angry
1971.wav,Angry
1972.wav,Disgusted
1973.wav,Angry
1974.wav,Angry
1975.wav,Sad
1976.wav,Disgusted
1977.wav,Disgusted
1978.wav,Disgusted
1979.wav,Disgusted
1980.wav,Angry
1981.wav,Disgusted
1982.wav,Fearful
1983.wav,Angry
1984.wav,Suprised
1985.wav,Suprised
1986.wav,Happy
1987.wav,Disgusted
1988.wav,Angry
1989.wav,Angry
1990.wav,Sad
1991.wav,Neutral
1992.wav,Disgusted
1993.wav,Angry
1994.wav,Happy
1995.wav,Sad
1996.wav,Disgusted
1997.wav,Fearful
1998.wav,Fearful
1999.wav,Fearful
2000.wav,Happy
2001.wav,Sad
2002.wav,Angry
2003.wav,Fearful
2004.wav,Disgusted
2005.wav,Fearful
2006.wav,Neutral
2007.wav,Disgusted
2008.wav,Disgusted
2009.wav,Disgusted
2010.wav,Disgusted
2011.wav,Disgusted
2012.wav,Fearful
2013.wav,Disgusted
2014.wav,Fearful
2015.wav,Disgusted
2016.wav,Angry
2017.wav,Disgusted
2018.wav,Fearful
2019.wav,Angry
2020.wav,Angry
2021.wav,Angry
2022.wav,Disgusted
2023.wav,Angry
2024.wav,Happy
2025.wav,Angry
2026.wav,Sad
2027.wav,Sad
2028.wav,Sad
2029.wav,Angry
2030.wav,Angry
2031.wav,Disgusted
2032.wav,Suprised
2033.wav,Angry
2034.wav,Fearful
2035.wav,Fearful
2036.wav,Happy
2037.wav,Fearful
2038.wav,Neutral
2039.wav,Disgusted
2040.wav,Neutral
2041.wav,Neutral
2042.wav,Fearful
2043.wav,Disgusted
2044.wav,Disgusted
2045.wav,Angry
2046.wav,Angry
2047.wav,Angry
2048.wav,Sad
2049.wav,Disgusted
2050.wav,Neutral
2051.wav,Fearful
2052.wav,Sad
2053.wav,Disgusted
2054.wav,Angry
2055.wav,Disgusted
2056.wav,Disgusted
2057.wav,Angry
2058.wav,Happy
2059.wav,Angry
2060.wav,Disgusted
2061.wav,Disgusted
2062.wav,Sad
2063.wav,Happy
2064.wav,Fearful
2065.wav,Disgusted
2066.wav,Sad
2067.wav,Sad
2068.wav,Happy
2069.wav,Disgusted
2070.wav,Angry
2071.wav,Angry
2072.wav,Sad
2073.wav,Suprised
2074.wav,Disgusted
2075.wav,Disgusted
2076.wav,Neutral
2077.wav,Disgusted
2078.wav,Angry
2079.wav,Neutral
2080.wav,Fearful
2081.wav,Disgusted
2082.wav,Disgusted
2083.wav,Fearful
2084.wav,Fearful
2085.wav,Disgusted
2086.wav,Sad
2087.wav,Fearful
2088.wav,Disgusted
2089.wav,Sad
2090.wav,Disgusted
2091.wav,Fearful
2092.wav,Disgusted
2093.wav,Angry
2094.wav,Disgusted
2095.wav,Fearful
2096.wav,Happy
2097.wav,Disgusted
2098.wav,Suprised
2099.wav,Sad
2100.wav,Disgusted
2101.wav,Disgusted
2102.wav,Happy
2103.wav,Disgusted
2104.wav,Angry
2105.wav,Fearful
2106.wav,Happy
2107.wav,Angry
2108.wav,Suprised
2109.wav,Disgusted
2110.wav,Disgusted
2111.wav,Disgusted
2112.wav,Suprised
2113.wav,Disgusted
2114.wav,Disgusted
2115.wav,Suprised
2116.wav,Disgusted
2117.wav,Fearful
2118.wav,Disgusted
2119.wav,Neutral
2120.wav,Angry
2121.wav,Suprised
2122.wav,Happy
2123.wav,Fearful
2124.wav,Disgusted
2125.wav,Disgusted
2126.wav,Angry
2127.wav,Sad
2128.wav,Sad
2129.wav,Disgusted
2130.wav,Neutral
2131.wav,Angry
2132.wav,Sad
2133.wav,Sad
2134.wav,Angry
2135.wav,Angry
2136.wav,Neutral
2137.wav,Sad
2138.wav,Happy
2139.wav,Suprised
2140.wav,Sad
2141.wav,Disgusted
2142.wav,Sad
2143.wav,Disgusted
2144.wav,Disgusted
2145.wav,Fearful
2146.wav,Disgusted
2147.wav,Fearful
2148.wav,Disgusted
2149.wav,Disgusted
2150.wav,Disgusted
2151.wav,Disgusted
2152.wav,Angry
2153.wav,Disgusted
2154.wav,Angry
2155.wav,Sad
2156.wav,Angry
2157.wav,Angry
2158.wav,Sad
2159.wav,Disgusted
2160.wav,Fearful
2161.wav,Disgusted
2162.wav,Angry
2163.wav,Angry
2164.wav,Suprised
2165.wav,Angry
2166.wav,Disgusted
2167.wav,Happy
2168.wav,Angry
2169.wav,Sad
2170.wav,Fearful
2171.wav,Disgusted
2172.wav,Fearful
2173.wav,Angry
2174.wav,Suprised
2175.wav,Fearful
2176.wav,Disgusted
2177.wav,Angry
2178.wav,Fearful
2179.wav,Angry
2180.wav,Suprised
2181.wav,Happy
2182.wav,Happy
2183.wav,Disgusted
2184.wav,Fearful
2185.wav,Happy
2186.wav,Sad
2187.wav,Sad
2188.wav,Disgusted
2189.wav,Sad
2190.wav,Sad
2191.wav,Sad
2192.wav,Angry
2193.wav,Angry
2194.wav,Angry
2195.wav,Angry
2196.wav,Disgusted
2197.wav,Disgusted
2198.wav,Fearful
2199.wav,Sad
2200.wav,Happy
2201.wav,Angry
2202.wav,Fearful
2203.wav,Angry
2204.wav,Sad
2205.wav,Angry
2206.wav,Sad
2207.wav,Disgusted
2208.wav,Disgusted
2209.wav,Disgusted
2210.wav,Sad
2211.wav,Happy
2212.wav,Sad
2213.wav,Disgusted
2214.wav,Angry
2215.wav,Disgusted
2216.wav,Disgusted
2217.wav,Fearful
2218.wav,Sad
2219.wav,Disgusted
2220.wav,Disgusted
2221.wav,Angry
2222.wav,Sad
2223.wav,Sad
2224.wav,Happy
2225.wav,Sad
2226.wav,Fearful
2227.wav,Sad
2228.wav,Angry
2229.wav,Disgusted
2230.wav,Angry
2231.wav,Disgusted
2232.wav,Fearful
2233.wav,Fearful
2234.wav,Sad
2235.wav,Angry
2236.wav,Fearful
2237.wav,Fearful
2238.wav,Happy
2239.wav,Sad
2240.wav,Happy
2241.wav,Disgusted
2242.wav,Angry
2243.wav,Sad
2244.wav,Angry
2245.wav,Disgusted
2246.wav,Happy
2247.wav,Angry
2248.wav,Disgusted
2249.wav,Angry
2250.wav,Sad
2251.wav,Neutral
2252.wav,Angry
2253.wav,Angry
2254.wav,Disgusted
2255.wav,Angry
2256.wav,Disgusted
2257.wav,Sad
2258.wav,Angry
2259.wav,Disgusted
2260.wav,Angry
2261.wav,Happy
2262.wav,Disgusted
2263.wav,Angry
2264.wav,Fearful
2265.wav,Happy
2266.wav,Angry
2267.wav,Disgusted
2268.wav,Sad
2269.wav,Sad
2270.wav,Disgusted
2271.wav,Sad
2272.wav,Disgusted
2273.wav,Disgusted
2274.wav,Sad
2275.wav,Disgusted
2276.wav,Angry
2277.wav,Disgusted
2278.wav,Angry
2279.wav,Fearful
2280.wav,Angry
2281.wav,Sad
2282.wav,Disgusted
2283.wav,Disgusted
2284.wav,Sad
2285.wav,Fearful
2286.wav,Disgusted
2287.wav,Disgusted
2288.wav,Suprised
2289.wav,Angry
2290.wav,Disgusted
2291.wav,Disgusted
2292.wav,Suprised
2293.wav,Happy
2294.wav,Sad
2295.wav,Sad
2296.wav,Fearful
2297.wav,Sad
2298.wav,Fearful
2299.wav,Angry
2300.wav,Disgusted
2301.wav,Disgusted
2302.wav,Neutral
2303.wav,Disgusted
2304.wav,Disgusted
2305.wav,Disgusted
2306.wav,Neutral
2307.wav,Sad
2308.wav,Disgusted
2309.wav,Angry
2310.wav,Angry
2311.wav,Disgusted
2312.wav,Sad
2313.wav,Angry
2314.wav,Angry
2315.wav,Angry
2316.wav,Angry
2317.wav,Angry
2318.wav,Disgusted
2319.wav,Disgusted
2320.wav,Disgusted
2321.wav,Disgusted
2322.wav,Sad
2323.wav,Angry
2324.wav,Sad
2325.wav,Angry
2326.wav,Angry
2327.wav,Angry
2328.wav,Happy
2329.wav,Angry
2330.wav,Fearful
2331.wav,Disgusted
2332.wav,Angry
2333.wav,Angry
2334.wav,Disgusted
2335.wav,Sad
2336.wav,Sad
2337.wav,Sad
2338.wav,Angry
2339.wav,Fearful
2340.wav,Disgusted
2341.wav,Sad
2342.wav,Sad
2343.wav,Angry
2344.wav,Happy
2345.wav,Angry
2346.wav,Disgusted
2347.wav,Angry
2348.wav,Disgusted
2349.wav,Angry
2350.wav,Sad
2351.wav,Disgusted
2352.wav,Angry
2353.wav,Sad
2354.wav,Angry
2355.wav,Angry
2356.wav,Angry
2357.wav,Happy
2358.wav,Angry
2359.wav,Neutral
2360.wav,Fearful
2361.wav,Sad
2362.wav,Angry
2363.wav,Fearful
2364.wav,Sad
2365.wav,Sad
2366.wav,Disgusted
2367.wav,Angry
2368.wav,Angry
2369.wav,Disgusted
2370.wav,Disgusted
2371.wav,Sad
2372.wav,Disgusted
2373.wav,Happy
2374.wav,Happy
2375.wav,Angry
2376.wav,Fearful
2377.wav,Sad
2378.wav,Happy
2379.wav,Angry
2380.wav,Angry
2381.wav,Disgusted
2382.wav,Fearful
2383.wav,Angry
2384.wav,Angry
2385.wav,Sad
2386.wav,Disgusted
2387.wav,Angry
2388.wav,Sad
2389.wav,Fearful
2390.wav,Happy
2391.wav,Fearful
2392.wav,Angry
2393.wav,Sad
2394.wav,Disgusted
2395.wav,Disgusted
2396.wav,Fearful
2397.wav,Disgusted
2398.wav,Angry
2399.wav,Sad
2400.wav,Disgusted
2401.wav,Sad
2402.wav,Angry
2403.wav,Fearful
2404.wav,Angry
2405.wav,Fearful
2406.wav,Disgusted
2407.wav,Neutral
2408.wav,Angry
2409.wav,Sad
2410.wav,Angry
2411.wav,Fearful
2412.wav,Fearful
2413.wav,Neutral
2414.wav,Neutral
2415.wav,Disgusted
2416.wav,Neutral
2417.wav,Angry
2418.wav,Disgusted
2419.wav,Angry
2420.wav,Neutral
2421.wav,Disgusted
2422.wav,Disgusted
2423.wav,Disgusted
2424.wav,Angry
2425.wav,Sad
2426.wav,Angry
2427.wav,Angry
2428.wav,Angry
2429.wav,Disgusted
2430.wav,Fearful
2431.wav,Sad
2432.wav,Disgusted
2433.wav,Happy
2434.wav,Angry
2435.wav,Angry
2436.wav,Angry
2437.wav,Angry
2438.wav,Sad
2439.wav,Disgusted
2440.wav,Sad
2441.wav,Angry
2442.wav,Disgusted
2443.wav,Fearful
2444.wav,Angry
2445.wav,Fearful
2446.wav,Fearful
2447.wav,Happy
2448.wav,Sad
2449.wav,Disgusted
2450.wav,Sad
2451.wav,Neutral
2452.wav,Angry
2453.wav,Angry
2454.wav,Sad
2455.wav,Disgusted
2456.wav,Disgusted
2457.wav,Disgusted
2458.wav,Sad
2459.wav,Angry
2460.wav,Angry
2461.wav,Suprised
2462.wav,Disgusted
2463.wav,Disgusted
2464.wav,Angry
2465.wav,Angry
2466.wav,Disgusted
2467.wav,Disgusted
2468.wav,Angry
2469.wav,Angry
2470.wav,Fearful
2471.wav,Happy
2472.wav,Neutral
2473.wav,Angry
2474.wav,Sad
2475.wav,Neutral
2476.wav,Happy
2477.wav,Disgusted
2478.wav,Angry
2479.wav,Sad
2480.wav,Disgusted
2481.wav,Disgusted
2482.wav,Sad
2483.wav,Happy
2484.wav,Happy
2485.wav,Sad
2486.wav,Disgusted
2487.wav,Happy
2488.wav,Sad
2489.wav,Disgusted
2490.wav,Sad
2491.wav,Disgusted
2492.wav,Sad
2493.wav,Angry
2494.wav,Fearful
2495.wav,Angry
2496.wav,Angry
2497.wav,Angry
2498.wav,Neutral
2499.wav,Disgusted
2500.wav,Disgusted
2501.wav,Disgusted
2502.wav,Sad
2503.wav,Angry
2504.wav,Happy
2505.wav,Angry
2506.wav,Happy
2507.wav,Fearful
2508.wav,Angry
2509.wav,Fearful
2510.wav,Neutral
2511.wav,Suprised
2512.wav,Happy
2513.wav,Angry
2514.wav,Angry
2515.wav,Angry
2516.wav,Angry
2517.wav,Sad
2518.wav,Disgusted
2519.wav,Sad
2520.wav,Disgusted
2521.wav,Happy
2522.wav,Sad
2523.wav,Neutral
2524.wav,Fearful
2525.wav,Disgusted
2526.wav,Sad
2527.wav,Angry
2528.wav,Angry
2529.wav,Angry
2530.wav,Angry
2531.wav,Sad
2532.wav,Angry
2533.wav,Sad
2534.wav,Disgusted
2535.wav,Angry
2536.wav,Disgusted
2537.wav,Angry
2538.wav,Happy
2539.wav,Fearful
2540.wav,Angry
2541.wav,Disgusted
2542.wav,Neutral
2543.wav,Sad
2544.wav,Sad
2545.wav,Sad
2546.wav,Disgusted
2547.wav,Suprised
2548.wav,Sad
2549.wav,Angry
2550.wav,Sad
2551.wav,Sad
2552.wav,Suprised
2553.wav,Disgusted
2554.wav,Angry
2555.wav,Sad
2556.wav,Disgusted
2557.wav,Sad
